step,nodes,angles,length
step 275 (to tan),tan 12 in = hem 6 out,left 3 head 50 tail 121,cut 32 1/8 inches
step 517 (to gun),gun 9 in = and 4 out,right 6 head 53 tail 114,cut 32 1/8 inches
step 646 IN! (to too),too.2 out = apt.1 out,right 2 head 78 tail 77,cut 32 1/4 inches
step 238 (to pet),pet 11 in = mac 6 out,left 5 head 51 tail 117,cut 32 1/4 inches
step 553 (to pen),pen 9 in = aim 5 out,right 12 head 53 tail 116,cut 32 1/4 inches
step 271 (to tan),tan 8 in = arm 4 out,right 1 head 54 tail 117,cut 32 3/8 inches
step 398 (to log),log 6 in = did 5 out,left 6 head 55 tail 103,cut 32 3/8 inches
step 466 IN! (to mob),mob.3 out = hoe.3 out,left 1 head 75 tail 76,cut 32 3/8 inches
step 86 IN! (to try),try.1 out = duh.2 out,right 2 head 79 tail 80,cut 32 3/8 inches
step 628 (to pin),pin 7 in = din 6 out,right 8 head 53 tail 123,cut 32 3/8 inches
step 487 IN! (to pub),pub.1 out = may.2 out,right 0 head 79 tail 81,cut 32 5/8 inches
step 586 (to cup),cup 7 in = his 5 out,right 8 head 54 tail 114,cut 32 3/4 inches
step 372 (to lip),lip 11 in = dew 6 out,left 6 head 52 tail 117,cut 32 3/4 inches
step 554 (to pen),pen 10 in = hey 7 out,right 6 head 54 tail 118,cut 32 3/4 inches
step 473 (to lot),lot 10 in = too 4 out,right 2 head 54 tail 103,cut 32 7/8 inches
step 103 (to tad),tad 10 in = ham 7 out,left 1 head 51 tail 124,cut 32 7/8 inches
step 411 (to guy),guy 10 in = dip 4 out,right 4 head 53 tail 121,cut 32 7/8 inches
step 379 (to pie),pie 6 in = rad 4 out,right 2 head 56 tail 116,cut 32 7/8 inches
step 601 (to git),git 11 in = pot 5 out,right 0 head 53 tail 106,cut 32 7/8 inches
step 507 (to loo),loo 9 in = men 6 out,left 11 head 54 tail 82,cut 32 7/8 inches
step 486 (to gut),gut 11 in = pub 6 out,right 4 head 52 tail 110,cut  33  inches
step 665 (to pic),pic 6 in = pot 3 out,right 6 head 56 tail 116,cut  33  inches
step 61 (to aid),aid 9 in = mat 4 out,left 4 head 54 tail 116,cut  33  inches
step 574 (to gym),gym 7 in = rap 4 out,right 6 head 56 tail 104,cut 33 1/8 inches
step 323 IN! (to rag),rag.1 out = arm.2 out,right 3 head 76 tail 78,cut 33 1/8 inches
step 63 (to aid),aid 11 in = ram 6 out,left 3 head 52 tail 112,cut 33 1/8 inches
step 401 (to log),log 9 in = rat 5 out,right 11 head 54 tail 103,cut 33 1/4 inches
step 477 IN! (to hem),hem.3 out = and.1 out,left 1 head 71 tail 69,cut 33 1/4 inches
step 139 (to lob),lob 10 in = tie 5 out,right 7 head 54 tail 111,cut 33 1/4 inches
step 589 (to cup),cup 10 in = dog 4 out,left 2 head 54 tail 114,cut 33 1/4 inches
step 460 (to tar),tar 8 in = quo 5 out,left 18 head 54 tail 126,cut 33 1/4 inches
step 587 (to cup),cup 8 in = tin 4 out,right 0 head 55 tail 111,cut 33 3/8 inches
step 651 IN! (to apt),apt.2 out = ask.1 out,right 0 head 90 tail 90,cut 33 3/8 inches
step 676 (to gum),gum 5 in = mit 4 out,right 11 head 57 tail 113,cut 33 3/8 inches
step 672 (to lop),lop 8 in = tin 6 out,right 0 head 54 tail 117,cut 33 3/8 inches
step 648 (to add),add 5 in = apt 4 out,right 1 head 57 tail 119,cut 33 1/2 inches
step 381 (to pie),pie 8 in = mag 5 out,left 3 head 55 tail 117,cut 33 1/2 inches
step 325 IN! (to arm),arm.1 out = hem.2 out,left 1 head 90 tail 90,cut 33 1/2 inches
step 578 (to gym),gym 11 in = mit 5 out,left 6 head 54 tail 106,cut 33 1/2 inches
step 317 (to cut),cut 7 in = hem 4 out,right 9 head 56 tail 111,cut 33 1/2 inches
step 605 IN! (to max),max.3 out = tic.3 out,left 1 head 69 tail 70,cut 33 1/2 inches
step 73 (to ado),ado 10 in = pug 5 out,left 6 head 54 tail 106,cut 33 1/2 inches
step 652 IN! (to ask),ask.2 out = ale.1 out,right 4 head 78 tail 77,cut 33 5/8 inches
step 201 (to gin),gin 7 in = due 5 out,left 4 head 56 tail 110,cut 33 5/8 inches
step 623 IN! (to maw),maw.3 out = her.2 out,right 1 head 69 tail 68,cut 33 3/4 inches
step 677 (to gum),gum 6 in = map 3 out,left 4 head 57 tail 113,cut 33 3/4 inches
step 287 (to cub),cub 11 in = tip 6 out,right 5 head 53 tail 118,cut 33 3/4 inches
step 409 (to guy),guy 8 in = ape 5 out,left 7 head 55 tail 118,cut 33 3/4 inches
step 262 (to cow),cow 11 in = mob 6 out,left 8 head 53 tail 115,cut 33 3/4 inches
step 497 (to abs),abs 11 in = man 4 out,left 12 head 55 tail 79,cut 33 3/4 inches
step 602 (to git),git 12 in = dip 6 out,left 4 head 53 tail 107,cut 33 3/4 inches
step 10 (to cot),cot 9 in = dim 4 out,right 4 head 55 tail 113,cut 33 3/4 inches
step 394 IN! (to hit),hit.2 out = tom.1 out,right 2 head 75 tail 75,cut 33 7/8 inches
step 668 IN! (to tic),tic.2 out = pot.1 out,right 1 head 80 tail 78,cut 33 7/8 inches
step 410 (to guy),guy 9 in = tom 4 out,right 2 head 55 tail 120,cut 33 7/8 inches
step 162 (to poi),poi 11 in = toy 6 out,right 1 head 53 tail 116,cut 33 7/8 inches
step 520 (to gun),gun 12 in = dig 4 out,left 7 head 54 tail 114,cut 33 7/8 inches
step 261 (to cow),cow 10 in = hid 4 out,right 16 head 55 tail 118,cut 33 7/8 inches
step 459 (to tar),tar 7 in = hoe 5 out,left 2 head 56 tail 127,cut 33 7/8 inches
step 597 (to git),git 7 in = tic 5 out,left 9 head 56 tail 110,cut 33 7/8 inches
step 408 (to guy),guy 7 in = hew 4 out,left 6 head 56 tail 117,cut  34  inches
step 160 (to poi),poi 9 in = arm 5 out,right 4 head 55 tail 111,cut 34 1/8 inches
step 664 (to pic),pic 5 in = ale 4 out,left 7 head 58 tail 114,cut 34 1/4 inches
step 16 (to low),low 7 in = ass 4 out,right 8 head 57 tail 109,cut 34 1/4 inches
step 59 (to aid),aid 7 in = try 5 out,right 10 head 56 tail 112,cut 34 1/4 inches
step 619 (to get),get 7 in = her 4 out,left 14 head 57 tail 99,cut 34 1/2 inches
step 681 (to lid),lid 5 in = aim 4 out,left 2 head 58 tail 121,cut 34 5/8 inches
step 620 (to get),get 8 in = hip 6 out,left 3 head 56 tail 107,cut 34 3/4 inches
step 75 (to ado),ado 12 in = dub 6 out,right 1 head 54 tail 106,cut 34 3/4 inches
step 306 (to lye),lye 8 in = dot 4 out,left 6 head 57 tail 103,cut 34 3/4 inches
step 575 (to gym),gym 8 in = his 4 out,left 3 head 57 tail 109,cut 34 3/4 inches
step 515 (to gun),gun 7 in = too 5 out,left 1 head 57 tail 115,cut 34 3/4 inches
step 644 (to pod),pod 7 in = too 6 out,right 1 head 56 tail 119,cut 34 7/8 inches
step 360 (to gnu),gnu 8 in = pub 4 out,left 4 head 57 tail 113,cut 34 7/8 inches
step 621 (to get),get 9 in = maw 4 out,right 3 head 57 tail 106,cut 35 1/4 inches
step 447 (to dad),dad 7 in = men 5 out,right 12 head 58 tail 96,cut 35 1/4 inches
step 149 (to dab),dab 10 in = tow 4 out,left 2 head 57 tail 105,cut 35 3/8 inches
step 353 IN! (to hat),hat.2 out = man.3 out,right 0 head 75 tail 76,cut 35 3/8 inches
step 308 (to lye),lye 10 in = men 4 out,right 0 head 57 tail 107,cut 35 3/8 inches
step 253 IN! (to hog),hog.2 out = pro.3 out,right 1 head 74 tail 76,cut 35 3/8 inches
step 179 (to tap),tap 8 in = til 4 out,right 8 head 58 tail 109,cut 35 5/8 inches
step 682 (to lid),lid 6 in = mit 3 out,left 5 head 59 tail 120,cut 35 3/4 inches
step 629 IN! (to din),din.1 out = amp.2 out,right 1 head 74 tail 75,cut  36  inches
step 260 (to cow),cow 9 in = dug 5 out,left 3 head 57 tail 117,cut 36 1/4 inches
step 670 (to lop),lop 6 in = map 4 out,right 8 head 60 tail 108,cut 36 7/8 inches
step 500 IN! (to did),did.2 out = hip.3 out,left 1 head 65 tail 65,cut 37 3/8 inches
step 537 (to pit),pit 8 in = two 5 out,right 12 head 59 tail 123,cut 37 1/2 inches
step 527 (to age),age 6 in = any 6 out,right 3 head 68 tail 116,cut 40 1/8 inches
step 534 (to pit),pit 3 in = lop 4 in,left 5 head 80 tail 99,cut 63 1/8 inches
step 134 (to lob),lob 3 in = gnu 4 in,right 3 head 80 tail 70,cut 67 7/8 inches
step 185 IN! (to ram),ram.2 out = mod.1 out,right 0 head 90 tail 90,T1.1 (28 1/4) 28.1
step 251 (to pig),pig 11 in = dot 6 out,right 3 head 53 tail 111,T1.2 (61 7/8) 33.5
step 300 IN! (to pro),pro.2 out = all.1 out,right 0 head 90 tail 90,T1.3 (90 5/8) 28.5
step 151 (to dab),dab 12 in = due 6 out,left 3 head 55 tail 110,T1.4 ( 126 ) 35.3
step 38 (to tea),tea 7 in = toy 5 out,left 4 head 51 tail 116,T2.1 (30 3/8) 30.3
step 235 (to pet),pet 8 in = dug 4 out,right 3 head 55 tail 116,T2.2 (64 1/8) 33.6
step 11 (to cot),cot 10 in = mat 6 out,right 1 head 49 tail 115,T2.3 (94 7/8) 30.6
step 60 (to aid),aid 8 in = hen 7 out,right 3 head 51 tail 113,T2.4 ( 126 ) 31
step 265 IN! (to the),the.2 out = are.1 out,right 0 head 90 tail 90,T3.1 (30 7/8) 30.7
step 94 (to gig),gig 9 in = den 8 out,right 2 head 52 tail 116,T3.2 (63 1/4) 32.3
step 37 (to tea),tea 6 in = tug 4 out,right 9 head 53 tail 113,T3.3 (94 3/8) 31
step 205 (to gin),gin 11 in = top 8 out,right 3 head 47 tail 106,T3.4 ( 126 ) 31.5
step 228 (to cry),cry 10 in = mag 6 out,left 7 head 47 tail 125,T4.1 (29 5/8) 29.6
step 9 (to cot),cot 8 in = had 6 out,right 6 head 49 tail 116,T4.2 (59 5/8) 29.8
step 193 (to pew),pew 9 in = ham 8 out,left 9 head 49 tail 115,T4.3 (91 3/8) 31.6
step 258 (to cow),cow 7 in = air 4 out,right 5 head 57 tail 117,T4.4 ( 126 ) 34.5
step 132 (to lob),lob 1 in = cry 5 in,left 3 head 80 tail 67,T5.1 (47 3/4) 47.6
step 195 (to pew),pew 11 in = mad 6 out,right 1 head 50 tail 113,T5.2 (79 5/8) 31.6
step 156 (to poi),poi 4 in = ace 3 in,right 0 head 70 tail 76,T5.3 ( 126 ) 46.3
step 99 (to tad),tad 5 in = gin 6 in,right 6 head 62 tail 83,T6.1 (45 7/8) 45.8
step 70 (to ado),ado 7 in = tie 6 out,left 3 head 54 tail 109,T6.2 (78 1/2) 32.5
step 79 (to act),act 2 in = tap 3 in,left 5 head 76 tail 81,T6.3 ( 126 ) 47.4
step 62 (to aid),aid 10 in = mod 5 out,left 7 head 53 tail 116,T7.1 (32 7/8) 32.8
step 249 (to pig),pig 9 in = hog 5 out,left 1 head 55 tail 110,T7.2 (67 1/2) 34.4
step 65 IN! (to mat),mat.3 out = try.3 out,right 2 head 74 tail 75,T7.3 (96 5/8) 29
step 131 IN! (to had),had.3 out = the.3 out,right 1 head 78 tail 77,T7.4 ( 126 ) 29.2
step 276 IN! (to pow),pow.1 out = mag.2 out,right 0 head 90 tail 90,T8.1 ( 30 ) 29.9
step 113 (to tab),tab 9 in = tug 6 out,right 2 head 53 tail 120,T8.2 (63 1/4) 33.1
step 278 IN! (to dub),dub.3 out = arm.3 out,left 1 head 90 tail 90,T8.3 (93 3/4) 30.3
step 142 IN! (to asp),asp.2 out = him.3 out,right 0 head 90 tail 90,T8.4 ( 126 ) 32.2
step 29 (to aby),aby 10 in = den 7 out,right 7 head 52 tail 115,T9.1 (32 5/8) 32.5
step 101 (to tad),tad 8 in = duh 5 out,left 4 head 56 tail 124,T9.2 (67 1/8) 34.3
step 77 IN! (to pug),pug.3 out = asp.3 out,right 0 head 90 tail 90,T9.3 (96 1/4) 29
step 83 (to act),act 8 in = mid 6 out,left 2 head 49 tail 126,T9.4 ( 126 ) 29.6
step 240 IN! (to mac),mac.1 out = pop.2 out,right 1 head 90 tail 90,T10.1 (28 3/4) 28.7
step 163 IN! (to toy),toy.1 out = dub.2 out,right 1 head 77 tail 76,T10.2 (60 7/8) 31.9
step 186 IN! (to ram),ram.3 out = mid.2 out,right 1 head 80 tail 80,T10.3 (91 1/8) 30
step 213 (to ace),ace 7 in = rag 4 out,right 0 head 57 tail 106,T10.4 ( 126 ) 34.8
step 31 IN! (to dim),dim.2 out = mat.1 out,left 2 head 80 tail 79,T11.1 (29 5/8) 29.5
step 161 (to poi),poi 10 in = rag 6 out,right 1 head 51 tail 117,T11.2 (61 3/8) 31.6
step 187 IN! (to mod),mod.2 out = til.1 out,right 0 head 90 tail 90,T11.3 (91 3/8) 29.8
step 214 (to ace),ace 8 in = pun 5 out,right 7 head 56 tail 107,T11.4 ( 126 ) 34.5
step 81 (to act),act 6 in = ram 5 out,right 3 head 52 tail 121,T12.1 (30 7/8) 30.8
step 26 (to aby),aby 7 in = ant 8 out,right 7 head 51 tail 114,T12.2 (63 1/8) 32
step 27 (to aby),aby 8 in = dim 5 out,left 6 head 51 tail 120,T12.3 (94 1/8) 30.8
step 111 (to tab),tab 7 in = mic 6 out,right 2 head 53 tail 121,T12.4 ( 126 ) 31.8
step 212 (to ace),ace 5 in = pix 4 in,left 2 head 73 tail 71,T13.1 (43 5/8) 43.5
step 194 (to pew),pew 10 in = mid 4 out,right 11 head 55 tail 118,T13.2 (77 1/2) 33.7
step 211 (to ace),ace 4 in = guy 5 in,right 6 head 80 tail 67,T13.3 ( 126 ) 48.4
step 224 (to cry),cry 6 in = pow 4 out,right 7 head 51 tail 121,T14.1 (29 3/4) 29.6
step 169 (to cue),cue 7 in = pro 5 out,right 0 head 51 tail 117,T14.2 (60 1/4) 30.4
step 96 (to gig),gig 11 in = air 6 out,left 2 head 50 tail 117,T14.3 (92 1/8) 31.6
step 293 (to goo),goo 7 in = hat 5 out,right 1 head 56 tail 108,T14.4 ( 126 ) 33.8
step 130 IN! (to had),had.2 out = hen.1 out,left 6 head 77 tail 71,T15.1 (40 3/4) 40.6
step 48 (to ply),ply 10 in = ant 7 out,right 6 head 55 tail 115,T15.2 (76 5/8) 35.7
step 155 (to poi),poi 1 in = tan 2 in,right 3 head 77 tail 70,T15.3 ( 126 ) 49.3
step 229 IN! (to tie),tie.1 out = pow.3 out,left 2 head 76 tail 78,T16.1 (31 7/8) 31.8
step 172 (to cue),cue 10 in = til 6 out,left 5 head 52 tail 113,T16.2 (64 1/8) 32
step 40 (to tea),tea 9 in = pug 6 out,right 7 head 49 tail 114,T16.3 (94 1/4) 30
step 159 (to poi),poi 8 in = mic 5 out,left 1 head 53 tail 111,T16.4 ( 126 ) 31.6
step 298 (to goo),goo 12 in = pro 6 out,left 3 head 54 tail 108,T17.1 (34 7/8) 34.7
step 206 IN! (to ham),ham.1 out = ark.2 out,left 2 head 90 tail 90,T17.2 ( 75 ) 40
step 188 (to pew),pew 1 in = gin 2 in,right 3 head 76 tail 83,T17.3 ( 126 ) 50.9
step 30 IN! (to dim),dim.1 out = ant.2 out,right 4 head 90 tail 90,T18.1 ( 41 ) 40.9
step 183 (to tap),tap 12 in = mod 6 out,left 1 head 55 tail 109,T18.2 (76 7/8) 35.7
step 4 (to cot),cot 2 in = lie 3 in,right 5 head 79 tail 76,T18.3 ( 126 ) 49
step 106 IN! (to ass),ass.2 out = duh.1 out,left 1 head 80 tail 80,T19.1 (32 1/4) 32.1
step 286 (to cub),cub 10 in = dry 6 out,left 1 head 52 tail 119,T19.2 (64 7/8) 32.5
step 85 (to act),act 10 in = try 6 out,left 3 head 47 tail 126,T19.3 (94 5/8) 29.5
step 20 (to low),low 11 in = duh 6 out,right 0 head 50 tail 112,T19.4 ( 126 ) 31.3
step 82 (to act),act 7 in = duh 4 out,right 3 head 54 tail 120,T20.1 (32 1/4) 32.2
step 112 (to tab),tab 8 in = mac 4 out,right 8 head 56 tail 118,T20.2 (66 3/8) 33.9
step 105 IN! (to ass),ass.1 out = tow.2 out,right 0 head 90 tail 90,T20.3 (95 7/8) 29.3
step 266 IN! (to air),air.3 out = dug.3 out,left 1 head 79 tail 79,T20.4 ( 126 ) 30.1
step 114 (to tab),tab 10 in = den 5 out,left 5 head 61 tail 112,T21.1 (43 1/4) 43.1
step 146 (to dab),dab 7 in = dry 4 out,right 7 head 57 tail 107,T21.2 (77 1/2) 34.1
step 68 (to ado),ado 4 in = poi 3 in,right 0 head 75 tail 69,T21.3 ( 126 ) 48.4
step 19 (to low),low 10 in = try 4 out,left 6 head 56 tail 111,T22.1 (34 1/2) 34.4
step 219 IN! (to mic),mic.2 out = pop.1 out,left 1 head 77 tail 79,T22.2 (74 7/8) 40.2
step 58 (to aid),aid 6 in = tap 7 in,left 9 head 71 tail 72,T22.3 ( 126 ) 51
step 277 IN! (to pow),pow.2 out = dub.1 out,right 1 head 78 tail 76,T23.1 (30 1/4) 30.1
step 171 (to cue),cue 9 in = hog 6 out,right 4 head 52 tail 113,T23.2 ( 62 ) 31.6
step 168 (to cue),cue 6 in = mod 4 out,right 8 head 53 tail 113,T23.3 (93 1/4) 31
step 241 IN! (to mac),mac.2 out = air.1 out,right 1 head 80 tail 79,T23.4 ( 126 ) 32.7
step 189 (to pew),pew 4 in = coy 3 in,left 16 head 78 tail 71,T24.1 (46 1/4) 46.1
step 225 (to cry),cry 7 in = has 5 out,right 4 head 54 tail 121,T24.2 (78 3/4) 32.3
step 67 (to ado),ado 3 in = lob 5 in,right 1 head 75 tail 71,T24.3 ( 126 ) 47.2
step 207 IN! (to ham),ham.3 out = dew.3 out,right 8 head 68 tail 73,T25.1 (40 1/4) 40.1
step 50 (to ply),ply 12 in = tow 6 out,right 8 head 55 tail 114,T25.2 (76 1/2) 36
step 97 (to tad),tad 1 in = dab 2 in,right 0 head 68 tail 96,T25.3 ( 126 ) 49.4
step 121 (to lie),lie 4 in = cue 5 in,left 6 head 70 tail 70,T26.1 (49 3/8) 49.2
step 28 (to aby),aby 9 in = tug 5 out,left 13 head 52 tail 119,T26.2 (80 7/8) 31.3
step 167 (to cue),cue 4 in = goo 5 in,left 4 head 71 tail 75,T26.3 ( 126 ) 45
step 55 (to aid),aid 2 in = cue 1 in,right 2 head 78 tail 80,T27.1 (42 3/4) 42.7
step 234 (to pet),pet 7 in = pop 5 out,right 13 head 56 tail 115,T27.2 (77 1/2) 34.5
step 244 (to pig),pig 3 in = lye 4 in,left 2 head 65 tail 70,T27.3 ( 126 ) 48.4
step 52 IN! (to ant),ant.1 out = pug.2 out,right 3 head 90 tail 90,T28.1 (39 1/4) 39.2
step 127 (to lie),lie 11 in = the 4 out,left 11 head 57 tail 107,T28.2 ( 76 ) 36.6
step 269 (to tan),tan 5 in = lot 6 in,left 9 head 65 tail 78,T28.3 ( 126 ) 49.8
step 133 (to lob),lob 2 in = dab 3 in,right 3 head 74 tail 73,T29.1 (48 7/8) 48.8
step 284 (to cub),cub 8 in = mar 5 out,left 1 head 55 tail 117,T29.2 (80 5/8) 31.5
step 25 (to aby),aby 5 in = tab 6 in,left 7 head 79 tail 71,T29.3 ( 126 ) 45.3
step 220 IN! (to mic),mic.3 out = rag.2 out,right 2 head 73 tail 75,T30.1 (41 3/8) 41.2
step 76 IN! (to pug),pug.1 out = toy.3 out,left 1 head 70 tail 73,T30.2 ( 77 ) 35.4
step 143 (to dab),dab 1 in = cub 4 in,right 3 head 78 tail 67,T30.3 ( 126 ) 48.9
step 39 (to tea),tea 8 in = ant 5 out,left 9 head 61 tail 105,T31.1 ( 39 ) 38.9
step 47 (to ply),ply 9 in = asp 4 out,left 1 head 58 tail 113,T31.2 ( 76 ) 36.8
step 267 (to tan),tan 1 in = pie 2 in,right 3 head 79 tail 78,T31.3 ( 126 ) 49.9
step 18 (to low),low 9 in = ant 6 out,left 6 head 62 tail 104,T32.1 (41 3/4) 41.7
step 184 (to tap),tap 13 in = ram 4 out,left 5 head 55 tail 112,T32.2 (77 1/8) 35.2
step 78 (to act),act 1 in = tad 2 in,left 3 head 90 tail 90,T32.3 ( 126 ) 48.8
step 230 IN! (to tie),tie.3 out = dib.3 out,right 5 head 79 tail 78,T33.1 (39 1/2) 39.4
step 17 (to low),low 8 in = mat 5 out,right 6 head 58 tail 109,T33.2 (76 1/8) 36.3
step 122 (to lie),lie 5 in = cow 4 in,left 7 head 74 tail 67,T33.3 ( 126 ) 49.8
step 138 (to lob),lob 9 in = dry 5 out,left 4 head 53 tail 112,T34.1 (32 1/8) 32
step 3 (CC triagle),aby 6 in = low 5 in,left 7 head 68 tail 75,T34.2 (74 3/8) 42.1
step 123 (to lie),lie 6 in = lye 5 in,right 10 head 70 tail 77,T34.3 ( 126 ) 51.5
step 233 (to pet),pet 5 in = guy 4 in,left 7 head 75 tail 74,T35.1 (47 1/8) 47
step 115 (to tab),tab 11 in = pop 6 out,left 6 head 50 tail 123,T35.2 ( 79 ) 31.8
step 14 (to low),low 3 in = tad 6 in,right 7 head 90 tail 90,T35.3 ( 126 ) 46.9
step 283 (to cub),cub 7 in = pub 5 out,left 3 head 60 tail 112,T36.1 ( 38 ) 37.9
step 116 IN! (to den),den.1 out = tug.2 out,left 1 head 90 tail 90,T36.2 (75 5/8) 37.4
step 256 (to cow),cow 3 in = lug 4 in,left 9 head 74 tail 79,T36.3 ( 126 ) 50.3
step 166 (to cue),cue 3 in = tap 4 in,right 5 head 70 tail 69,T37.1 (49 1/8) 49
step 254 IN! (to hog),hog.3 out = tot.3 out,right 0 head 78 tail 77,T37.2 (80 3/4) 31.5
step 148 (to dab),dab 9 in = mar 8 out,left 3 head 59 tail 97,T37.3 ( 126 ) 45.2
step 321 (to cut),cut 11 in = arm 6 out,left 3 head 50 tail 112,T38.1 (31 1/2) 31.4
step 158 (to poi),poi 7 in = dub 4 out,left 4 head 55 tail 110,T38.2 (64 5/8) 32.8
step 416 IN! (to tom),tom.3 out = hew.3 out,right 0 head 79 tail 79,T38.3 (95 1/4) 30.5
step 382 (to pie),pie 9 in = met 5 out,right 3 head 51 tail 117,T38.4 ( 126 ) 30.6
step 140 (to lob),lob 11 in = asp 6 out,left 6 head 53 tail 110,T39.1 (33 7/8) 33.8
step 424 (to lug),lug 11 in = pup 6 out,left 5 head 54 tail 113,T39.2 (68 1/8) 34.1
step 324 IN! (to rag),rag.3 out = hit.3 out,right 0 head 78 tail 79,T39.3 (96 5/8) 28.3
step 380 (to pie),pie 7 in = has 3 out,left 7 head 51 tail 114,T39.4 ( 126 ) 29.2
step 418 (to lug),lug 3 in = git 4 in,left 9 head 69 tail 74,T40.1 (50 7/8) 50.7
step 415 IN! (to pun),pun.2 out = ape.1 out,right 0 head 90 tail 90,T40.2 (80 5/8) 29.6
step 338 (to coy),coy 2 in = ads 1 in,right 0 head 70 tail 103,T40.3 ( 126 ) 45.3
step 322 (to cut),cut 12 in = dig 6 out,right 6 head 50 tail 112,T41.1 (31 7/8) 31.7
step 310 (to lye),lye 12 in = tot 6 out,right 5 head 53 tail 106,T41.2 (65 1/2) 33.5
step 344 (to coy),coy 10 in = art 7 out,right 10 head 44 tail 124,T41.3 (95 5/8) 30
step 414 IN! (to pun),pun.1 out = tom.2 out,left 1 head 80 tail 82,T41.4 ( 126 ) 30.2
step 264 IN! (to the),the.1 out = air.2 out,left 1 head 90 tail 90,T42.1 (33 5/8) 33.5
step 170 (to cue),cue 8 in = hen 6 out,left 7 head 61 tail 106,T42.2 (74 1/2) 40.7
step 108 (to tab),tab 1 in = poi 2 in,right 0 head 70 tail 79,T42.3 ( 126 ) 51.4
step 104 (to tad),tad 11 in = ass 6 out,right 8 head 52 tail 124,T43.1 (33 1/4) 33.2
step 373 (to lip),lip 12 in = dog 6 out,right 6 head 53 tail 116,T43.2 (67 3/8) 34
step 384 IN! (to mag),mag.3 out = rad.3 out,left 1 head 80 tail 79,T43.3 (96 5/8) 29
step 392 (to pix),pix 10 in = hit 6 out,right 0 head 47 tail 117,T43.4 ( 126 ) 29.3
step 351 (to ads),ads 10 in = two 6 out,left 10 head 50 tail 105,T44.1 (30 3/4) 30.7
step 87 IN! (to try),try.2 out = ram.1 out,right 0 head 90 tail 90,T44.2 ( 62 ) 31.1
step 71 (to ado),ado 8 in = toy 4 out,right 2 head 54 tail 109,T44.3 ( 94 ) 31.8
step 349 (to ads),ads 8 in = hat 6 out,left 3 head 53 tail 101,T44.4 ( 126 ) 31.9
step 301 IN! (to til),til.3 out = hat.3 out,right 0 head 77 tail 77,T45.1 (31 1/4) 31.1
step 239 (to pet),pet 12 in = ape 6 out,right 3 head 51 tail 117,T45.2 ( 64 ) 32.6
step 389 (to pix),pix 7 in = hew 5 out,left 3 head 52 tail 113,T45.3 (94 3/4) 30.5
step 359 (to gnu),gnu 7 in = has 4 out,right 4 head 53 tail 112,T45.4 ( 126 ) 31.2
step 352 IN! (to hat),hat.1 out = art.2 out,right 10 head 78 tail 74,T46.1 (42 3/8) 42.3
step 393 IN! (to hit),hit.1 out = dig.3 out,left 3 head 74 tail 76,T46.2 (76 3/4) 34.2
step 44 (to ply),ply 4 in = tad 3 in,left 3 head 78 tail 72,T46.3 ( 126 ) 49.1
step 333 (to tax),tax 11 in = hey 8 out,left 2 head 56 tail 106,T47.1 (35 1/4) 35.2
step 173 IN! (to hen),hen.2 out = hog.1 out,right 2 head 90 tail 90,T47.2 (74 1/2) 39
step 210 (to ace),ace 2 in = pet 1 in,right 2 head 90 tail 90,T47.3 ( 126 ) 51.4
step 294 (to goo),goo 8 in = all 4 out,right 6 head 56 tail 107,T48.1 (34 1/8) 34
step 362 (to gnu),gnu 10 in = dib 8 out,right 3 head 62 tail 113,T48.2 (74 1/2) 40.2
step 198 (to gin),gin 1 in = tax 4 in,right 3 head 73 tail 74,T48.3 ( 126 ) 51.4
step 376 IN! (to mad),mad.3 out = ran.3 out,right 0 head 76 tail 75,T49.1 (31 3/8) 31.2
step 270 (to tan),tan 7 in = mag 4 out,right 5 head 55 tail 116,T49.2 ( 64 ) 32.5
step 383 IN! (to has),has.1 out = mag.1 out,right 3 head 78 tail 77,T49.3 ( 95 ) 30.8
step 347 (to ads),ads 6 in = man 5 out,right 9 head 53 tail 105,T49.4 ( 126 ) 30.9
step 330 (to tax),tax 8 in = top 5 out,left 13 head 67 tail 90,T50.1 (44 1/4) 44.1
step 95 (to gig),gig 10 in = had 4 out,left 3 head 54 tail 116,T50.2 (77 7/8) 33.5
step 337 (to coy),coy 1 in = lip 2 in,right 0 head 76 tail 97,T50.3 ( 126 ) 48
step 399 (to log),log 7 in = maw 6 out,left 12 head 53 tail 102,T51.1 (31 3/8) 31.3
step 371 (to lip),lip 10 in = mad 4 out,right 4 head 53 tail 115,T51.2 (63 7/8) 32.3
step 390 (to pix),pix 8 in = tub 6 out,right 3 head 50 tail 114,T51.3 (94 3/8) 30.3
step 375 IN! (to dew),dew.2 out = mad.1 out,right 0 head 90 tail 90,T51.4 ( 126 ) 31.6
step 368 (to lip),lip 7 in = top 6 out,right 8 head 66 tail 106,T52.1 (43 3/4) 43.6
step 403 IN! (to all),all.2 out = rat.3 out,left 1 head 76 tail 77,T52.2 (77 1/2) 33.6
step 417 (to lug),lug 2 in = tar 1 in,right 11 head 90 tail 90,T52.3 ( 126 ) 48.4
step 110 (to tab),tab 5 in = ace 6 in,left 5 head 69 tail 82,T53.1 (44 3/8) 44.3
step 274 (to tan),tan 11 in = pow 6 out,left 7 head 53 tail 119,T53.2 ( 78 ) 33.4
step 346 (to ads),ads 3 in = pit 6 in,right 19 head 90 tail 90,T53.3 ( 126 ) 47.9
step 348 (to ads),ads 7 in = any 5 out,right 10 head 69 tail 96,T54.1 (40 5/8) 40.5
step 313 IN! (to are),are.3 out = hid.3 out,left 1 head 70 tail 71,T54.2 ( 76 ) 35.2
step 199 (to gin),gin 4 in = lip 3 in,left 10 head 78 tail 71,T54.3 ( 126 ) 49.9
step 22 (to aby),aby 1 in = tea 2 in,right 0 head 79 tail 83,T55.1 (42 7/8) 42.8
step 236 (to pet),pet 9 in = pun 4 out,left 11 head 56 tail 117,T55.2 (77 1/4) 34.2
step 340 (to coy),coy 6 in = pit 5 in,left 6 head 64 tail 71,T55.3 ( 126 ) 48.7
step 288 IN! (to dry),dry.1 out = dib.2 out,left 5 head 77 tail 74,T56.1 (45 7/8) 45.7
step 218 (to ace),ace 12 in = tom 6 out,left 3 head 51 tail 110,T56.2 (78 1/2) 32.5
step 355 IN! (to art),art.4 out = any.4 out,right 1 head 70 tail 70,T56.3 ( 126 ) 47.3
step 327 (to tax),tax 2 in = day 1 in,left 2 head 90 tail 90,T57.1 (44 3/4) 44.6
step 343 (to coy),coy 9 in = ran 4 out,right 11 head 55 tail 123,T57.2 (78 1/4) 33.4
step 386 (to pix),pix 3 in = gun 4 in,left 6 head 78 tail 70,T57.3 ( 126 ) 47.6
step 117 IN! (to den),den.2 out = had.1 out,right 1 head 78 tail 79,T58.1 (43 1/4) 43.1
step 147 (to dab),dab 8 in = ark 4 out,right 6 head 56 tail 107,T58.2 (77 3/8) 34.1
step 405 (to guy),guy 2 in = lug 1 in,right 0 head 75 tail 82,T58.3 ( 126 ) 48.5
step 53 IN! (to ant),ant.3 out = tug.3 out,left 6 head 68 tail 73,T59.1 (41 7/8) 41.7
step 250 (to pig),pig 10 in = rat 4 out,left 1 head 56 tail 110,T59.2 (76 1/2) 34.4
step 178 (to tap),tap 6 in = ads 5 in,left 13 head 64 tail 77,T59.3 ( 126 ) 49.4
step 391 (to pix),pix 9 in = tom 5 out,right 2 head 52 tail 113,T60.1 (31 1/4) 31.2
step 33 (to tea),tea 1 in = ado 2 in,right 0 head 72 tail 76,T60.2 (73 3/4) 42.3
step 24 (to aby),aby 4 in = gig 3 in,right 9 head 72 tail 74,T60.3 ( 126 ) 52.1
step 197 IN! (to mid),mid.3 out = art.3 out,left 12 head 78 tail 71,T61.1 (39 1/2) 39.3
step 141 IN! (to asp),asp.1 out = tie.2 out,right 1 head 70 tail 72,T61.2 (75 7/8) 36.2
step 88 (to gig),gig 1 in = tab 2 in,right 3 head 90 tail 90,T61.3 ( 126 ) 50
step 354 IN! (to art),art.1 out = mad.2 out,right 5 head 90 tail 90,T62.1 (38 1/4) 38.1
step 137 (to lob),lob 8 in = dib 7 out,left 1 head 61 tail 104,T62.2 (75 3/8) 37.1
step 395 (to log),log 1 in = abs 2 in,right 12 head 60 tail 69,T62.3 ( 126 ) 50.4
step 465 IN! (to hid),hid.2 out = quo.1 out,right 0 head 90 tail 90,T63.1 (28 5/8) 28.5
step 216 (to ace),ace 10 in = pop 4 out,left 6 head 54 tail 110,T63.2 (62 1/8) 33.4
step 428 IN! (to dug),dug.2 out = mob.1 out,right 1 head 79 tail 79,T63.3 (93 1/2) 31.2
step 461 (to tar),tar 9 in = mob 4 out,right 18 head 54 tail 119,T63.4 ( 126 ) 32.4
step 488 IN! (to pub),pub.2 out = tip.1 out,left 2 head 77 tail 79,T64.1 (28 1/2) 28.4
step 425 (to lug),lug 12 in = dug 6 out,left 2 head 52 tail 114,T64.2 (61 5/8) 32.9
step 388 (to pix),pix 6 in = dig 5 out,left 2 head 54 tail 111,T64.3 (93 1/4) 31.5
step 152 IN! (to tow),tow.1 out = him.2 out,left 1 head 77 tail 78,T64.4 ( 126 ) 32.6
step 413 (to guy),guy 12 in = pun 6 out,right 4 head 52 tail 119,T65.1 (33 3/8) 33.3
step 404 IN! (to all),all.3 out = did.3 out,right 0 head 71 tail 71,T65.2 (70 3/4) 37.2
step 431 (to ago),ago 5 in = tip 4 out,left 8 head 45 tail 126,T65.3 (96 7/8) 25.9
step 440 (to day),day 7 in = put 8 out,left 1 head 44 tail 139,T65.4 ( 126 ) 29.1
step 499 IN! (to did),did.1 out = man.2 out,right 0 head 79 tail 81,T66.1 ( 30 ) 29.8
step 476 IN! (to hem),hem.1 out = rad.2 out,right 2 head 79 tail 80,T66.2 (61 1/2) 31.4
step 402 (to log),log 10 in = all 5 out,left 2 head 52 tail 99,T66.3 (93 1/2) 31.8
step 21 (to low),low 12 in = dim 6 out,right 3 head 51 tail 111,T66.4 ( 126 ) 32.4
step 334 (to tax),tax 12 in = due 4 out,right 6 head 56 tail 106,T67.1 (36 1/8) 36
step 222 (to cry),cry 3 in = pie 5 in,left 8 head 77 tail 82,T67.2 (78 7/8) 42.6
step 457 (to tar),tar 3 in = aft 4 in,left 20 head 76 tail 96,T67.3 ( 126 ) 47
step 369 (to lip),lip 8 in = ran 5 out,left 4 head 54 tail 114,T68.1 (32 7/8) 32.7
step 128 (to lie),lie 12 in = hen 8 out,right 6 head 53 tail 111,T68.2 (67 7/8) 34.9
step 441 (to day),day 8 in = top 7 out,right 1 head 43 tail 139,T68.3 (96 5/8) 28.6
step 464 IN! (to hid),hid.1 out = mob.2 out,right 0 head 90 tail 90,T68.4 ( 126 ) 29.2
step 482 (to gut),gut 7 in = may 4 out,left 7 head 54 tail 111,T69.1 (31 1/2) 31.4
step 242 IN! (to pop),pop.3 out = pun.3 out,right 1 head 72 tail 71,T69.2 (64 1/2) 32.8
step 439 (to day),day 6 in = arc 5 out,right 1 head 51 tail 134,T69.3 (94 3/8) 29.8
step 484 (to gut),gut 9 in = hex 5 out,right 4 head 52 tail 113,T69.4 ( 126 ) 31.5
step 318 (to cut),cut 8 in = hit 4 out,right 0 head 57 tail 110,T70.1 (34 5/8) 34.6
step 196 IN! (to mid),mid.1 out = ham.2 out,left 4 head 90 tail 90,T70.2 (77 1/4) 42.3
step 469 (to lot),lot 5 in = pod 3 in,left 8 head 90 tail 90,T70.3 ( 126 ) 48.7
step 23 (to aby),aby 3 in = ply 6 in,right 12 head 76 tail 70,T71.1 ( 55 ) 54.9
step 305 (to lye),lye 7 in = hid 5 out,left 12 head 58 tail 102,T71.2 (90 1/2) 35.4
step 311 IN! (to tot),tot.1 out = are.2 out,left 2 head 74 tail 75,T71.3 ( 126 ) 35.4
step 279 (to cub),cub 1 in = gnu 2 in,left 7 head 78 tail 76,T72.1 (56 3/4) 56.6
step 74 (to ado),ado 11 in = asp 5 out,right 6 head 54 tail 106,T72.2 (90 7/8) 34
step 496 (to abs),abs 10 in = did 6 out,right 12 head 56 tail 78,T72.3 ( 126 ) 35
step 175 (to tap),tap 1 in = pew 2 in,right 5 head 90 tail 90,T73.1 (55 1/4) 55.2
step 319 (to cut),cut 9 in = and 6 out,left 12 head 56 tail 110,T73.2 (90 5/8) 35.1
step 509 IN! (to men),men.1 out = quo.2 out,right 0 head 70 tail 73,T73.3 ( 126 ) 35.3
step 145 (to dab),dab 5 in = tax 7 in,right 2 head 67 tail 69,T74.1 (53 1/2) 53.4
step 471 (to lot),lot 8 in = and 5 out,right 7 head 57 tail 105,T74.2 (89 3/8) 35.7
step 433 (to ago),ago 7 in = mix 8 out,right 8 head 55 tail 113,T74.3 ( 126 ) 36.6
step 328 (to tax),tax 5 in = pen 4 in,right 4 head 76 tail 67,T75.1 (56 1/8) 56.1
step 332 (to tax),tax 10 in = arc 4 out,right 13 head 56 tail 101,T75.2 ( 91 ) 34.6
step 72 (to ado),ado 9 in = pow 5 out,left 1 head 56 tail 105,T75.3 ( 126 ) 34.9
step 202 (to gin),gin 8 in = dew 4 out,left 5 head 57 tail 109,T76.1 (35 3/8) 35.3
step 56 (to aid),aid 3 in = act 4 in,right 5 head 79 tail 70,T76.2 (78 1/8) 42.6
step 177 (to tap),tap 5 in = coy 4 in,right 10 head 74 tail 65,T76.3 ( 126 ) 47.7
step 438 (to day),day 4 in = cup 3 in,left 3 head 66 tail 98,T77.1 (45 3/4) 45.7
step 501 IN! (to man),man.1 out = two.2 out,right 2 head 64 tail 63,T77.2 (84 5/8) 38.7
step 41 (to tea),tea 10 in = mic 7 out,left 2 head 59 tail 102,T77.3 ( 126 ) 41.2
step 295 (to goo),goo 9 in = til 5 out,right 0 head 55 tail 109,T78.1 ( 34 ) 33.9
step 64 IN! (to mat),mat.2 out = hen.3 out,right 4 head 78 tail 77,T78.2 (76 5/8) 42.5
step 243 (to pig),pig 2 in = log 4 in,right 3 head 61 tail 72,T78.3 ( 126 ) 49.3
step 180 (to tap),tap 9 in = mid 5 out,left 4 head 58 tail 113,T79.1 (36 7/8) 36.7
step 387 (to pix),pix 5 in = tag 5 in,right 5 head 72 tail 75,T79.2 (79 3/8) 42.4
step 290 (to goo),goo 2 in = log 3 in,left 5 head 64 tail 73,T79.3 ( 126 ) 46.5
step 176 (to tap),tap 2 in = goo 1 in,right 4 head 70 tail 77,T80.1 (53 3/8) 53.2
step 494 (to abs),abs 8 in = hip 4 out,right 2 head 58 tail 90,T80.2 (89 1/4) 35.7
step 475 (to lot),lot 12 in = hem 5 out,left 10 head 57 tail 105,T80.3 ( 126 ) 36.7
step 366 (to lip),lip 4 in = age 3 in,right 0 head 78 tail 73,T81.1 (45 5/8) 45.5
step 455 IN! (to rat),rat.2 out = maw.2 out,right 4 head 62 tail 62,T81.2 (84 5/8) 38.8
step 217 (to ace),ace 11 in = mic 8 out,right 2 head 59 tail 101,T81.3 ( 126 ) 41.3
step 467 (to lot),lot 1 in = tee 3 in,right 0 head 90 tail 90,T82.1 (57 3/8) 57.2
step 432 (to ago),ago 6 in = hey 5 out,left 6 head 54 tail 113,T82.2 ( 91 ) 33.5
step 247 (to pig),pig 7 in = tot 5 out,left 2 head 57 tail 107,T82.3 ( 126 ) 34.9
step 57 (to aid),aid 4 in = lie 7 in,right 10 head 70 tail 68,T83.1 ( 53 ) 52.9
step 448 (to dad),dad 8 in = maw 5 out,right 7 head 58 tail 96,T83.2 ( 89 ) 35.8
step 443 IN! (to top),top.4 out = put.3 out,left 1 head 90 tail 90,T83.3 ( 126 ) 36.9
step 157 (to poi),poi 5 in = cut 6 in,left 1 head 72 tail 74,T84.1 ( 47 ) 46.9
step 118 IN! (to den),den.3 out = mac.3 out,left 2 head 75 tail 78,T84.2 (85 5/8) 38.5
step 374 IN! (to dew),dew.1 out = top.2 out,right 10 head 77 tail 73,T84.3 ( 126 ) 40.3
step 8 (to cot),cot 7 in = den 6 out,left 5 head 59 tail 105,T85.1 (39 1/4) 39.1
step 336 IN! (to due),due.2 out = top.1 out,left 11 head 71 tail 66,T85.2 ( 82 ) 42.6
step 174 IN! (to hen),hen.4 out = mod.3 out,left 7 head 70 tail 73,T85.3 ( 126 ) 43.8
step 302 (to lye),lye 2 in = dad 3 in,right 7 head 56 tail 70,T86.1 (54 1/4) 54.1
step 320 (to cut),cut 10 in = rag 5 out,left 2 head 56 tail 109,T86.2 (89 7/8) 35.5
step 181 (to tap),tap 10 in = hat 4 out,right 0 head 57 tail 113,T86.3 ( 126 ) 36
step 209 (to ace),ace 1 in = cut 2 in,left 1 head 73 tail 70,T87.1 (54 7/8) 54.7
step 208 IN! (to ark),ark.1 out = due.3 out,right 0 head 73 tail 73,T87.2 (90 3/8) 35.3
step 248 (to pig),pig 8 in = all 6 out,left 3 head 57 tail 107,T87.3 ( 126 ) 35.6
step 231 (to pet),pet 2 in = cow 1 in,right 2 head 90 tail 90,T88.1 (52 1/2) 52.4
step 51 (to ply),ply 13 in = pug 4 out,left 2 head 56 tail 115,T88.2 (88 5/8) 35.9
step 119 IN! (to tug),tug.1 out = mic.4 out,right 1 head 90 tail 90,T88.3 ( 126 ) 37.3
step 361 (to gnu),gnu 9 in = may 5 out,left 2 head 53 tail 114,T89.1 (32 5/8) 32.5
step 370 (to lip),lip 9 in = put 5 out,left 7 head 65 tail 106,T89.2 (75 7/8) 43
step 481 (to gut),gut 5 in = sup 3 in,right 10 head 77 tail 71,T89.3 ( 126 ) 50
step 396 (to log),log 2 in = dad 2 in,left 6 head 65 tail 72,T90.1 (48 7/8) 48.8
step 435 IN! (to mar),mar.1 out = tip.2 out,right 2 head 90 tail 90,T90.2 (86 1/4) 37.1
step 326 (to tax),tax 1 in = ago 2 in,left 3 head 90 tail 90,T90.3 ( 126 ) 39.7
step 483 (to gut),gut 8 in = mix 5 out,left 3 head 54 tail 109,T91.1 (31 3/8) 31.2
step 200 (to gin),gin 5 in = day 5 in,right 3 head 90 tail 90,T91.2 (75 5/8) 44.2
step 246 (to pig),pig 6 in = dad 6 in,left 3 head 52 tail 73,T91.3 ( 126 ) 50.2
step 89 (to gig),gig 2 in = lie 1 in,left 7 head 75 tail 78,T92.1 (55 5/8) 55.5
step 299 IN! (to pro),pro.1 out = til.2 out,left 1 head 75 tail 75,T92.2 (90 3/4) 35
step 272 (to tan),tan 9 in = rad 5 out,right 0 head 56 tail 117,T92.3 ( 126 ) 35.1
step 458 (to tar),tar 6 in = got 5 in,left 7 head 74 tail 59,T93.1 (49 1/4) 49.1
step 49 (to ply),ply 11 in = him 4 out,left 1 head 57 tail 115,T93.2 (86 3/8) 37
step 289 IN! (to dry),dry.3 out = mar.3 out,left 1 head 80 tail 78,T93.3 ( 126 ) 39.5
step 34 (to tea),tea 3 in = poi 6 in,left 1 head 76 tail 71,T94.1 ( 45 ) 44.9
step 364 IN! (to dib),dib.4 out = pub.3 out,right 5 head 78 tail 78,T94.2 (84 1/2) 39.3
step 356 (to gnu),gnu 1 in = pie 1 in,left 1 head 69 tail 71,T94.3 ( 126 ) 41.4
step 449 (to dad),dad 9 in = din 4 out,left 24 head 57 tail 82,T95.1 (34 3/8) 34.2
step 518 (to gun),gun 10 in = ask 4 out,right 9 head 55 tail 114,T95.2 (68 3/4) 34.2
step 565 IN! (to hew),hew.2 out = max.1 out,right 0 head 90 tail 90,T95.3 (97 1/8) 28.2
step 566 IN! (to tub),tub.3 out = ask.3 out,left 2 head 77 tail 77,T95.4 ( 126 ) 28.8
step 531 (to age),age 10 in = ran 6 out,right 1 head 52 tail 121,T96.1 (32 5/8) 32.5
step 102 (to tad),tad 9 in = ark 5 out,right 3 head 54 tail 125,T96.2 (66 1/4) 33.5
step 610 (to aft),aft 8 in = hay 5 out,left 2 head 49 tail 112,T96.3 (95 5/8) 29.1
step 521 IN! (to and),and.2 out = dig.1 out,right 0 head 90 tail 90,T96.4 ( 126 ) 30.3
step 552 (to pen),pen 8 in = rap 5 out,left 11 head 52 tail 116,T97.1 ( 31 ) 30.9
step 412 (to guy),guy 11 in = max 6 out,right 2 head 52 tail 118,T97.2 (64 1/2) 33.3
step 609 (to aft),aft 7 in = dud 5 out,left 3 head 52 tail 113,T97.3 (95 1/8) 30.5
step 590 (to cup),cup 11 in = map 5 out,left 2 head 50 tail 114,T97.4 ( 126 ) 30.8
step 539 (to pit),pit 10 in = toe 4 out,left 17 head 46 tail 115,T98.1 (31 5/8) 31.6
step 92 (to gig),gig 7 in = mac 5 out,left 2 head 55 tail 115,T98.2 (65 3/8) 33.5
step 532 IN! (to ran),ran.1 out = dog.2 out,right 0 head 90 tail 90,T98.3 (95 1/8) 29.7
step 546 (to ail),ail 5 in = may 3 out,right 12 head 54 tail 119,T98.4 ( 126 ) 30.7
step 551 (to pen),pen 7 in = mix 6 out,left 7 head 53 tail 117,T99.1 ( 31 ) 30.9
step 203 (to gin),gin 9 in = ark 6 out,left 9 head 53 tail 105,T99.2 (63 3/4) 32.6
step 562 (to tag),tag 11 in = ale 5 out,right 0 head 50 tail 110,T99.3 (94 1/2) 30.6
step 528 (to age),age 7 in = dog 5 out,left 4 head 53 tail 122,T99.4 ( 126 ) 31.4
step 66 (to ado),ado 1 in = cry 2 in,right 0 head 90 tail 90,T100.1 (46 5/8) 46.6
step 478 IN! (to rad),rad.1 out = met.2 out,left 2 head 78 tail 79,T100.2 ( 81 ) 34.2
step 165 (to cue),cue 2 in = pig 5 in,right 4 head 74 tail 74,T100.3 ( 126 ) 44.8
step 513 (to gun),gun 3 in = pod 4 in,right 2 head 80 tail 77,T101.1 (51 5/8) 51.5
step 498 (to abs),abs 12 in = ten 5 out,left 16 head 54 tail 81,T101.2 ( 85 ) 33.2
step 5 (to cot),cot 4 in = aid 5 in,left 8 head 75 tail 72,T101.3 ( 126 ) 40.8
step 561 (to tag),tag 10 in = tic 4 out,right 8 head 55 tail 111,T102.1 (33 7/8) 33.8
step 492 (to abs),abs 5 in = cop 4 in,right 2 head 101 tail 47,T102.2 (77 3/8) 43.3
step 436 IN! (to mar),mar.4 out = hey.3 out,right 1 head 71 tail 70,T102.3 ( 126 ) 48.5
step 367 (to lip),lip 5 in = cup 6 in,right 3 head 75 tail 77,T103.1 (49 3/8) 49.3
step 560 (to tag),tag 9 in = tub 4 out,right 1 head 55 tail 110,T103.2 (83 1/4) 33.7
step 514 (to gun),gun 6 in = add 3 in,right 1 head 80 tail 73,T103.3 ( 126 ) 42.7
step 506 (to loo),loo 8 in = quo 4 out,right 5 head 54 tail 79,T104.1 (31 1/2) 31.4
step 463 (to tar),tar 11 in = die 7 out,right 1 head 42 tail 112,T104.2 (64 1/4) 32.5
step 604 IN! (to dip),dip.2 out = pup.1 out,right 0 head 78 tail 77,T104.3 (94 7/8) 30.5
step 611 (to aft),aft 9 in = pup 5 out,right 8 head 51 tail 110,T104.4 ( 126 ) 31
step 291 (to goo),goo 3 in = ads 4 in,right 5 head 62 tail 70,T105.1 (45 3/4) 45.7
step 570 IN! (to met),met.1 out = doe.1 out,right 3 head 70 tail 67,T105.2 (80 5/8) 34.6
step 595 (to git),git 3 in = pic 4 in,left 4 head 90 tail 90,T105.3 ( 126 ) 45.3
step 339 (to coy),coy 5 in = age 4 in,right 12 head 79 tail 79,T106.1 (46 1/4) 46.2
step 297 (to goo),goo 11 in = man 6 out,right 2 head 54 tail 108,T106.2 (80 3/4) 34.4
step 456 (to tar),tar 2 in = loo 1 in,right 15 head 58 tail 105,T106.3 ( 126 ) 45.1
step 444 (to dad),dad 1 in = loo 2 in,left 5 head 64 tail 68,T107.1 (50 1/2) 50.4
step 508 (to loo),loo 10 in = amp 5 out,left 10 head 54 tail 79,T107.2 (83 5/8) 33
step 585 (to cup),cup 5 in = gum 4 in,right 0 head 78 tail 72,T107.3 ( 126 ) 42.2
step 69 (to ado),ado 5 in = tan 6 in,left 3 head 80 tail 67,T108.1 ( 52 ) 51.9
step 426 IN! (to ape),ape.2 out = dug.1 out,right 0 head 80 tail 79,T108.2 (85 1/4) 33.1
step 54 IN! (to ant),ant.4 out = ass.3 out,left 5 head 70 tail 75,T108.3 ( 126 ) 40.6
step 144 (to dab),dab 4 in = gin 3 in,left 6 head 71 tail 74,T109.1 (49 1/8) 49
step 296 (to goo),goo 10 in = did 4 out,left 5 head 55 tail 108,T109.2 ( 83 ) 33.8
step 15 (to low),low 6 in = act 3 in,left 5 head 90 tail 90,T109.3 ( 126 ) 42.8
step 255 (to cow),cow 2 in = lye 1 in,left 3 head 72 tail 96,T110.1 (52 1/2) 52.3
step 545 (to ail),ail 4 in = hex 3 out,left 12 head 57 tail 115,T110.2 (85 3/4) 33.1
step 164 IN! (to toy),toy.2 out = mic.1 out,left 4 head 79 tail 75,T110.3 ( 126 ) 40.2
step 316 (to cut),cut 5 in = gun 5 in,left 5 head 72 tail 67,T111.1 ( 47 ) 46.8
step 453 IN! (to dot),dot.2 out = rat.1 out,left 1 head 76 tail 75,T111.2 (81 1/4) 34.2
step 557 (to tag),tag 6 in = pic 3 in,right 2 head 80 tail 70,T111.3 ( 126 ) 44.6
step 192 (to pew),pew 8 in = art 5 out,left 11 head 68 tail 107,T112.1 (46 1/8) 46.1
step 252 (to pig),pig 12 in = pro 4 out,right 4 head 55 tail 110,T112.2 (80 3/4) 34.5
step 419 (to lug),lug 6 in = aft 5 in,left 1 head 65 tail 71,T112.3 ( 126 ) 45.1
step 606 (to aft),aft 2 in = got 3 in,right 14 head 102 tail 69,T113.1 (44 3/4) 44.6
step 472 (to lot),lot 9 in = doe 5 out,left 9 head 56 tail 105,T113.2 (79 7/8) 34.9
step 90 (to gig),gig 4 in = cow 5 in,right 7 head 78 tail 73,T113.3 ( 126 ) 46
step 13 (to low),low 2 in = aid 1 in,right 2 head 78 tail 75,T114.1 (53 3/4) 53.7
step 422 (to lug),lug 9 in = ape 4 out,right 3 head 54 tail 113,T114.2 (86 5/8) 32.6
step 510 IN! (to men),men.3 out = din.3 out,right 0 head 53 tail 57,T114.3 ( 126 ) 39.3
step 12 (to low),low 1 in = ply 2 in,left 2 head 90 tail 90,T115.1 (53 1/2) 53.4
step 191 (to pew),pew 7 in = dew 5 out,right 12 head 54 tail 117,T115.2 (86 3/8) 32.7
step 580 IN! (to arc),arc.1 out = hey.2 out,right 2 head 70 tail 64,T115.3 ( 126 ) 39.5
step 285 (to cub),cub 9 in = dib 5 out,left 1 head 56 tail 105,T116.1 (41 1/8) 41
step 568 (to tee),tee 4 in = met 3 out,left 16 head 60 tail 113,T116.2 ( 77 ) 35.8
step 2 (CC triagle),low 4 in = cot 3 in,right 9 head 72 tail 71,T116.3 ( 126 ) 48.8
step 120 (to lie),lie 2 in = pig 1 in,left 6 head 72 tail 76,T117.1 ( 55 ) 54.9
step 400 (to log),log 8 in = hip 5 out,right 11 head 54 tail 100,T117.2 (87 1/8) 32
step 32 IN! (to dim),dim.3 out = den.4 out,left 1 head 75 tail 72,T117.3 ( 126 ) 38.8
step 468 (to lot),lot 2 in = gun 1 in,right 10 head 78 tail 67,T118.1 (49 1/4) 49.1
step 136 (to lob),lob 7 in = him 5 out,right 5 head 56 tail 107,T118.2 (83 1/8) 33.7
step 582 IN! (to hey),hey.1 out = mix.2 out,left 1 head 90 tail 90,T118.3 ( 126 ) 42.8
step 350 (to ads),ads 9 in = art 6 out,left 6 head 66 tail 99,T119.1 (43 1/2) 43.4
step 493 (to abs),abs 7 in = two 4 out,left 1 head 59 tail 84,T119.2 (79 1/2) 35.8
step 397 (to log),log 5 in = get 5 in,right 0 head 69 tail 58,T119.3 ( 126 ) 46.4
step 523 IN! (to dig),dig.2 out = tub.1 out,right 1 head 79 tail 78,T120.1 (30 3/4) 30.7
step 530 (to age),age 9 in = tin 5 out,right 4 head 51 tail 123,T120.2 (62 1/8) 31.1
step 505 (to loo),loo 7 in = din 5 out,right 14 head 54 tail 82,T120.3 ( 94 ) 31.7
step 427 IN! (to ape),ape.3 out = dip.3 out,left 1 head 78 tail 77,T120.4 ( 126 ) 31.9
step 190 (to pew),pew 5 in = lip 6 in,right 6 head 73 tail 72,T121.1 (43 3/4) 43.7
step 564 IN! (to hew),hew.1 out = tub.2 out,left 1 head 73 tail 73,T121.2 (79 5/8) 35.6
step 385 (to pix),pix 2 in = guy 1 in,left 3 head 90 tail 90,T121.3 ( 126 ) 46.3
step 245 (to pig),pig 4 in = goo 4 in,right 2 head 67 tail 69,T122.1 ( 53 ) 52.9
step 462 (to tar),tar 10 in = hid 6 out,left 9 head 53 tail 114,T122.2 (86 1/8) 32.9
step 7 (to cot),cot 6 in = hen 5 out,left 3 head 62 tail 105,T122.3 ( 126 ) 39.8
step 257 (to cow),cow 6 in = tar 5 in,right 10 head 70 tail 72,T123.1 (45 1/2) 45.4
step 237 (to pet),pet 10 in = air 5 out,left 2 head 55 tail 117,T123.2 (80 3/8) 34.7
step 495 (to abs),abs 9 in = toe 5 out,right 12 head 72 tail 74,T123.3 ( 126 ) 45.5
step 547 IN! (to may),may.1 out = hex.1 out,left 2 head 73 tail 71,T124.1 (35 5/8) 35.6
step 223 (to cry),cry 4 in = tan 3 in,left 1 head 74 tail 75,T124.2 (76 7/8) 41
step 446 (to dad),dad 5 in = pin 4 in,left 5 head 79 tail 47,T124.3 ( 126 ) 49
step 329 (to tax),tax 6 in = gym 5 in,left 1 head 73 tail 70,T125.1 (54 3/8) 54.2
step 342 (to coy),coy 8 in = any 8 out,left 9 head 47 tail 118,T125.2 (86 3/4) 32.3
step 591 IN! (to put),put.2 out = dog.1 out,left 8 head 73 tail 77,T125.3 ( 126 ) 39.1
step 511 IN! (to quo),quo.3 out = die.4 out,left 27 head 74 tail 64,T126.1 ( 45 ) 44.9
step 259 (to cow),cow 8 in = are 5 out,left 13 head 56 tail 118,T126.2 (80 1/8) 35
step 91 (to gig),gig 5 in = pet 6 in,left 7 head 77 tail 76,T126.3 ( 126 ) 45.7
step 526 (to age),age 5 in = lop 5 in,right 4 head 77 tail 79,T127.1 (44 1/4) 44.1
step 533 IN! (to ran),ran.2 out = any.1 out,left 8 head 90 tail 90,T127.2 (79 3/4) 35.4
step 358 (to gnu),gnu 6 in = gut 3 in,left 6 head 68 tail 76,T127.3 ( 126 ) 46.1
step 584 (to cup),cup 4 in = lop 3 in,right 1 head 77 tail 73,T128.1 (49 3/4) 49.6
step 450 (to dad),dad 10 in = rat 6 out,left 12 head 54 tail 90,T128.2 (83 1/2) 33.6
step 576 (to gym),gym 9 in = hey 6 out,right 3 head 58 tail 102,T128.3 ( 126 ) 42.4
step 607 (to aft),aft 3 in = lit 4 in,right 2 head 90 tail 90,T129.1 ( 45 ) 44.8
step 93 (to gig),gig 8 in = the 5 out,right 5 head 56 tail 113,T129.2 (80 1/8) 35
step 35 (to tea),tea 4 in = tab 3 in,right 5 head 79 tail 69,T129.3 ( 126 ) 45.8
step 577 (to gym),gym 10 in = put 6 out,right 12 head 65 tail 98,T130.1 (43 5/8) 43.5
step 46 (to ply),ply 8 in = ass 5 out,left 13 head 57 tail 114,T130.2 (79 1/2) 35.7
step 407 (to guy),guy 6 in = git 5 in,right 7 head 65 tail 79,T130.3 ( 126 ) 46.4
step 378 (to pie),pie 4 in = lot 3 in,right 10 head 65 tail 77,T131.1 (46 3/8) 46.3
step 581 IN! (to arc),arc.2 out = put.1 out,left 1 head 90 tail 90,T131.2 (80 7/8) 34.4
step 524 (to age),age 1 in = cup 2 in,left 1 head 74 tail 82,T131.3 ( 126 ) 45
step 571 (to gym),gym 2 in = cup 1 in,right 3 head 78 tail 74,T132.1 (51 1/4) 51.1
step 182 (to tap),tap 11 in = art 8 out,right 2 head 49 tail 111,T132.2 (84 3/4) 33.3
step 84 (to act),act 9 in = ham 6 out,left 1 head 62 tail 113,T132.3 ( 126 ) 41.1
step 612 (to aft),aft 10 in = hoe 6 out,left 10 head 52 tail 111,T133.1 (32 1/4) 32.1
step 263 (to cow),cow 12 in = the 6 out,right 3 head 51 tail 117,T133.2 ( 65 ) 32.6
step 684 IN! (to aim),aim.2 out = rap.1 out,right 0 head 90 tail 90,T133.3 (94 7/8) 29.6
step 674 IN! (to tin),tin.1 out = map.2 out,right 3 head 77 tail 77,T133.4 ( 126 ) 31.1
step 666 (to pic),pic 7 in = tic 6 out,right 0 head 52 tail 124,T134.1 (31 1/4) 31.1
step 153 IN! (to tow),tow.3 out = ark.3 out,right 0 head 80 tail 80,T134.2 (63 5/8) 32.3
step 689 IN! (to pot),pot.2 out = dud.1 out,left 1 head 80 tail 80,T134.3 (93 1/2) 29.6
step 563 (to tag),tag 12 in = hew 6 out,right 7 head 51 tail 109,T134.4 ( 126 ) 32.4
step 685 IN! (to mit),mit.1 out = rap.2 out,right 0 head 80 tail 81,T135.1 (29 7/8) 29.8
step 593 IN! (to dog),dog.3 out = tin.3 out,right 0 head 79 tail 79,T135.2 (61 5/8) 31.5
step 588 (to cup),cup 9 in = put 7 out,left 2 head 50 tail 112,T135.3 (93 5/8) 31.9
step 540 (to pit),pit 11 in = any 7 out,right 2 head 46 tail 113,T135.4 ( 126 ) 32.3
step 150 (to dab),dab 11 in = him 6 out,left 4 head 55 tail 109,T136.1 (35 1/8) 35
step 365 (to lip),lip 1 in = day 2 in,right 1 head 100 tail 70,T136.2 (78 5/8) 43.4
step 573 (to gym),gym 4 in = gum 3 in,left 2 head 90 tail 90,T136.3 ( 126 ) 47.2
step 549 (to pen),pen 3 in = sup 4 in,left 4 head 90 tail 90,T137.1 (49 3/8) 49.2
step 124 (to lie),lie 8 in = hog 4 out,left 7 head 58 tail 109,T137.2 (85 3/4) 36.3
step 504 (to loo),loo 6 in = die 6 out,left 3 head 79 tail 81,T137.3 ( 126 ) 40.1
step 599 (to git),git 9 in = max 4 out,right 11 head 55 tail 108,T138.1 (33 5/8) 33.5
step 454 IN! (to dot),dot.3 out = men.2 out,right 0 head 74 tail 73,T138.2 (67 3/4) 34
step 630 IN! (to din),din.2 out = her.1 out,right 0 head 90 tail 90,T138.3 (96 1/4) 28.3
step 632 (to cop),cop 5 in = toe 7 out,left 7 head 43 tail 135,T138.4 ( 126 ) 29.6
step 686 (to lit),lit 5 in = pot 4 out,left 7 head 60 tail 111,T139.1 (36 3/8) 36.3
step 536 (to pit),pit 7 in = tat 3 in,right 16 head 90 tail 90,T139.2 (79 1/2) 43
step 221 (to cry),cry 1 in = gnu 5 in,right 11 head 75 tail 78,T139.3 ( 126 ) 46.3
step 650 (to add),add 7 in = ask 6 out,left 4 head 50 tail 127,T140.1 (30 3/8) 30.2
step 598 (to git),git 8 in = pup 4 out,left 6 head 56 tail 109,T140.2 (64 1/8) 33.6
step 633 (to cop),cop 6 in = ten 3 out,left 8 head 53 tail 129,T140.3 (94 7/8) 30.6
step 678 (to gum),gum 7 in = his 6 out,left 4 head 52 tail 123,T140.4 ( 126 ) 31
step 98 (to tad),tad 4 in = pew 3 in,left 9 head 69 tail 80,T141.1 (50 1/2) 50.4
step 671 (to lop),lop 7 in = pry 4 out,left 10 head 64 tail 110,T141.2 (86 1/2) 35.8
step 541 IN! (to any),any.2 out = two.1 out,left 10 head 90 tail 90,T141.3 ( 126 ) 39.4
step 502 (to loo),loo 3 in = got 4 in,left 11 head 109 tail 57,T142.1 (54 1/2) 54.4
step 642 (to pod),pod 5 in = doe 4 out,left 8 head 58 tail 112,T142.2 (89 3/8) 34.8
step 529 (to age),age 8 in = pry 6 out,left 3 head 49 tail 110,T142.3 ( 126 ) 36.5
step 331 (to tax),tax 9 in = mar 6 out,right 0 head 56 tail 102,T143.1 ( 33 ) 32.9
step 437 (to day),day 3 in = gym 6 in,right 0 head 62 tail 98,T143.2 (76 1/2) 43.4
step 406 (to guy),guy 3 in = tag 4 in,left 6 head 65 tail 76,T143.3 ( 126 ) 49.4
step 491 (to abs),abs 4 in = get 3 in,right 3 head 71 tail 62,T144.1 (54 3/8) 54.3
step 129 (to lie),lie 13 in = are 6 out,right 10 head 54 tail 111,T144.2 (89 3/8) 34.8
step 637 (to got),got 7 in = amp 3 out,right 24 head 59 tail 125,T144.3 ( 126 ) 36.5
step 42 (to ply),ply 1 in = lob 4 in,left 2 head 68 tail 77,T145.1 (52 3/4) 52.6
step 307 (to lye),lye 9 in = are 4 out,right 2 head 57 tail 107,T145.2 (88 1/8) 35.3
step 430 (to ago),ago 4 in = pen 5 in,right 3 head 73 tail 74,T145.3 ( 126 ) 37.7
step 434 (to ago),ago 8 in = mar 7 out,right 7 head 53 tail 113,T146.1 (35 1/2) 35.3
step 661 (to tat),tat 5 in = toe 6 out,left 2 head 71 tail 120,T146.2 (78 7/8) 43.2
step 542 IN! (to any),any.3 out = pry.3 out,right 21 head 77 tail 79,T146.3 ( 126 ) 47.1
step 669 (to lop),lop 1 in = gum 2 in,right 3 head 74 tail 70,T147.1 (55 7/8) 55.8
step 420 (to lug),lug 7 in = dip 5 out,left 1 head 56 tail 112,T147.2 (90 1/2) 34.5
step 618 (to get),get 6 in = ten 4 out,right 25 head 59 tail 83,T147.3 ( 126 ) 35.4
step 445 (to dad),dad 4 in = get 2 in,right 5 head 70 tail 59,T148.1 (55 3/4) 55.7
step 107 IN! (to duh),duh.3 out = ham.4 out,right 2 head 90 tail 90,T148.2 (90 1/2) 34.5
step 655 (to sup),sup 6 in = aim 3 out,left 15 head 59 tail 108,T148.3 ( 126 ) 35.4
step 667 IN! (to tic),tic.1 out = ale.2 out,left 2 head 78 tail 79,T149.1 (33 3/8) 33.3
step 268 (to tan),tan 4 in = cut 3 in,right 4 head 69 tail 77,T149.2 (76 3/4) 43.2
step 625 (to pin),pin 1 in = got 2 in,right 16 head 90 tail 90,T149.3 ( 126 ) 49.1
step 232 (to pet),pet 4 in = lug 5 in,right 5 head 73 tail 76,T150.1 (45 3/8) 45.3
step 639 IN! (to amp),amp.1 out = die.2 out,right 22 head 78 tail 65,T150.2 (84 1/8) 38.6
step 658 IN! (to mix),mix.4 out = aim.1 out,right 3 head 71 tail 72,T150.3 ( 126 ) 41.7
step 555 (to tag),tag 2 in = git 1 in,left 1 head 76 tail 76,T151.1 (51 5/8) 51.5
step 452 (to dad),dad 12 in = her 5 out,right 13 head 57 tail 77,T151.2 (87 1/2) 35.7
step 543 IN! (to two),two.3 out = toe.3 out,right 18 head 74 tail 67,T151.3 ( 126 ) 38.4
step 635 (to got),got 1 in = lit 2 in,right 5 head 71 tail 101,T152.1 (56 7/8) 56.7
step 679 IN! (to map),map.1 out = his.2 out,left 1 head 80 tail 81,T152.2 (91 3/8) 34.4
step 690 IN! (to hay),hay.1 out = dud.2 out,right 2 head 74 tail 75,T152.3 ( 126 ) 34.5
step 474 (to lot),lot 11 in = rad 6 out,right 0 head 53 tail 103,T153.1 ( 33 ) 33
step 315 (to cut),cut 4 in = pix 1 in,right 4 head 72 tail 74,T153.2 (76 1/2) 43.3
step 304 (to lye),lye 6 in = loo 5 in,right 2 head 50 tail 71,T153.3 ( 126 ) 49.4
step 490 (to abs),abs 1 in = pit 2 in,left 3 head 102 tail 60,T154.1 (58 5/8) 58.5
step 423 (to lug),lug 10 in = hoe 4 out,right 6 head 54 tail 113,T154.2 (91 1/2) 32.7
step 522 IN! (to and),and.3 out = too.3 out,left 2 head 77 tail 77,T154.3 ( 126 ) 34.4
step 631 (to cop),cop 1 in = tat 2 in,left 12 head 90 tail 90,T155.1 (50 1/4) 50.2
step 636 (to got),got 6 in = hay 4 out,left 1 head 59 tail 128,T155.2 (86 3/8) 36
step 592 IN! (to put),put.4 out = his.3 out,right 9 head 69 tail 74,T155.3 ( 126 ) 39.5
step 280 (to cub),cub 2 in = tax 3 in,left 3 head 63 tail 76,T156.1 (53 1/2) 53.4
step 624 IN! (to hip),hip.1 out = ten.2 out,right 3 head 61 tail 64,T156.2 (88 3/4) 35.1
step 643 (to pod),pod 6 in = apt 3 out,right 11 head 60 tail 109,T156.3 ( 126 ) 37.1
step 45 (to ply),ply 5 in = dab 6 in,right 1 head 70 tail 78,T157.1 (54 1/8) 54.1
step 215 (to ace),ace 9 in = hit 5 out,right 0 head 56 tail 108,T157.2 (89 1/8) 34.8
step 126 (to lie),lie 10 in = tot 4 out,left 1 head 58 tail 113,T157.3 ( 126 ) 36.7
step 613 IN! (to pup),pup.2 out = hoe.1 out,right 0 head 90 tail 90,T158.1 (30 3/4) 30.6
step 626 (to pin),pin 5 in = amp 4 out,left 12 head 54 tail 119,T158.2 (61 7/8) 30.9
step 627 (to pin),pin 6 in = her 3 out,left 4 head 54 tail 120,T158.3 (93 3/8) 31.4
step 603 IN! (to dip),dip.1 out = max.2 out,right 0 head 90 tail 90,T158.4 ( 126 ) 32.5
step 616 (to get),get 1 in = cop 2 in,right 6 head 90 tail 90,T159.1 (48 1/4) 48.2
step 645 IN! (to too),too.1 out = doe.2 out,right 0 head 78 tail 77,T159.2 (84 3/4) 36.3
step 335 IN! (to due),due.1 out = mar.2 out,left 1 head 75 tail 74,T159.3 ( 126 ) 41.1
step 680 IN! (to his),his.1 out = mit.2 out,right 2 head 75 tail 75,T160.1 (34 1/4) 34.1
step 548 (to pen),pen 2 in = gym 1 in,right 1 head 71 tail 82,T160.2 (78 5/8) 44.3
step 662 IN! (to toe),toe.1 out = pry.2 out,left 22 head 90 tail 90,T160.3 ( 126 ) 47.2
step 687 (to lit),lit 6 in = hay 3 out,right 14 head 59 tail 111,T161.1 (35 5/8) 35.5
step 204 (to gin),gin 10 in = ham 5 out,right 14 head 64 tail 99,T161.2 (79 1/8) 43.4
step 345 (to ads),ads 2 in = abs 3 in,left 10 head 62 tail 72,T161.3 ( 126 ) 46.8
step 617 (to get),get 4 in = pin 2 in,left 7 head 90 tail 90,T162.1 (45 3/4) 45.6
step 654 (to sup),sup 5 in = hex 4 out,right 10 head 60 tail 107,T162.2 (82 1/8) 36.2
step 503 (to loo),loo 4 in = pin 3 in,right 0 head 90 tail 90,T162.3 ( 126 ) 43.7
step 641 (to pod),pod 2 in = add 1 in,right 9 head 90 tail 90,T163.1 (55 1/4) 55.1
step 638 (to got),got 8 in = die 8 out,left 8 head 46 tail 123,T163.2 (90 1/8) 34.8
step 470 (to lot),lot 7 in = met 4 out,right 10 head 58 tail 104,T163.3 ( 126 ) 35.7
step 512 (to gun),gun 2 in = tag 1 in,right 3 head 71 tail 79,T164.1 (54 1/2) 54.4
step 683 (to lid),lid 7 in = rap 6 out,right 4 head 56 tail 123,T164.2 (89 5/8) 35
step 516 (to gun),gun 8 in = tub 5 out,left 2 head 58 tail 115,T164.3 ( 126 ) 36.2
step 43 (to ply),ply 3 in = ado 6 in,left 2 head 66 tail 76,T165.1 (53 1/2) 53.3
step 559 (to tag),tag 8 in = max 5 out,left 12 head 57 tail 106,T165.2 (88 1/2) 34.9
step 282 (to cub),cub 6 in = ago 3 in,right 1 head 73 tail 76,T165.3 ( 126 ) 37.4
step 303 (to lye),lye 3 in = tar 4 in,left 15 head 79 tail 61,T166.1 (50 3/8) 50.3
step 154 IN! (to him),him.1 out = dry.2 out,right 1 head 71 tail 74,T166.2 (85 7/8) 35.3
step 363 IN! (to dib),dib.1 out = has.2 out,left 6 head 78 tail 81,T166.3 ( 126 ) 40
step 538 (to pit),pit 9 in = pry 5 out,right 5 head 62 tail 122,T167.1 ( 36 ) 35.9
step 479 (to gut),gut 1 in = ail 2 in,left 1 head 90 tail 90,T167.2 (79 5/8) 43.5
step 556 (to tag),tag 3 in = add 4 in,right 0 head 90 tail 90,T167.3 ( 126 ) 46.2
step 281 (to cub),cub 3 in = gut 6 in,right 7 head 73 tail 78,T168.1 (52 3/4) 52.6
step 309 (to lye),lye 11 in = quo 6 out,right 10 head 55 tail 104,T168.2 (87 7/8) 35
step 227 (to cry),cry 9 in = dib 6 out,left 1 head 54 tail 109,T168.3 ( 126 ) 38
step 608 (to aft),aft 6 in = die 5 out,right 5 head 76 tail 110,T169.1 (37 7/8) 37.8
step 135 (to lob),lob 6 in = cub 5 in,right 0 head 78 tail 71,T169.2 (81 5/8) 43.5
step 535 (to pit),pit 4 in = cop 3 in,left 22 head 90 tail 90,T169.3 ( 126 ) 44.3
step 647 (to add),add 2 in = pic 1 in,right 4 head 74 tail 75,T170.1 (53 5/8) 53.5
step 649 (to add),add 6 in = ale 3 out,right 11 head 58 tail 115,T170.2 (88 1/2) 34.8
step 125 (to lie),lie 9 in = had 5 out,left 4 head 58 tail 113,T170.3 ( 126 ) 37.3
step 292 (to goo),goo 6 in = abs 6 in,left 2 head 48 tail 68,T171.1 (51 7/8) 51.8
step 614 IN! (to pup),pup.3 out = dud.3 out,right 1 head 71 tail 71,T171.2 (87 1/8) 35.1
step 569 (to tee),tee 5 in = doe 3 out,right 16 head 62 tail 110,T171.3 ( 126 ) 38.7
step 596 (to git),git 6 in = lit 3 in,right 0 head 79 tail 68,T172.1 ( 52 ) 51.9
step 421 (to lug),lug 8 in = mob 5 out,left 3 head 56 tail 113,T172.2 (86 3/4) 34.5
step 657 IN! (to hex),hex.2 out = mix.1 out,right 0 head 78 tail 75,T172.3 ( 126 ) 39.2
step 656 (to sup),sup 7 in = mix 7 out,right 3 head 61 tail 109,T173.1 (44 3/4) 44.6
step 558 (to tag),tag 7 in = ask 5 out,left 4 head 57 tail 107,T173.2 (80 1/4) 35.4
step 594 (to git),git 2 in = aft 1 in,right 4 head 74 tail 75,T173.3 ( 126 ) 45.6
step 519 (to gun),gun 11 in = apt 5 out,left 7 head 51 tail 116,T174.1 ( 32 ) 31.9
step 80 (to act),act 5 in = pew 6 in,right 7 head 74 tail 80,T174.2 ( 72 ) 39.8
step 544 (to ail),ail 3 in = sup 1 in,left 2 head 69 tail 74,T174.3 ( 126 ) 53.9
step 100 (to tad),tad 7 in = tow 5 out,left 8 head 55 tail 121,T175.1 (33 3/8) 33.2
step 673 IN! (to pry),pry.1 out = tin.2 out,left 9 head 77 tail 77,T175.2 (73 1/4) 39.7
step 663 (to pic),pic 2 in = lit 1 in,left 1 head 73 tail 76,T175.3 ( 126 ) 52.7
step 314 (to cut),cut 1 in = lot 4 in,left 3 head 73 tail 77,T176.1 (54 5/8) 54.5
step 600 (to git),git 10 in = dud 4 out,right 9 head 55 tail 108,T176.2 ( 89 ) 34.2
step 660 (to tat),tat 4 in = pry 7 out,left 1 head 50 tail 115,T176.3 ( 126 ) 36.9
step 583 IN! (to hey),hey.4 out = rap.3 out,right 0 head 70 tail 74,T177.1 ( 44 ) 43.9
step 451 (to dad),dad 11 in = dot 5 out,right 5 head 56 tail 79,T177.2 (79 3/8) 35.2
step 109 (to tab),tab 4 in = pet 3 in,right 7 head 72 tail 77,T177.3 ( 126 ) 46.5
step 659 (to tat),tat 1 in = lop 2 in,left 15 head 65 tail 90,T178.1 ( 46 ) 45.9
step 579 (to gym),gym 12 in = arc 6 out,left 15 head 54 tail 106,T178.2 (80 7/8) 34.7
step 357 (to gnu),gnu 3 in = ail 1 in,right 10 head 73 tail 74,T178.3 ( 126 ) 45
step 567 (to tee),tee 2 in = pod 1 in,right 9 head 73 tail 72,T179.1 ( 57 ) 56.9
step 341 (to coy),coy 7 in = mad 5 out,left 11 head 55 tail 122,T179.2 (90 3/4) 33.5
step 622 IN! (to maw),maw.1 out = hip.2 out,right 0 head 78 tail 79,T179.3 ( 126 ) 35.2
step 525 (to age),age 2 in = pit 1 in,left 17 head 90 tail 90,T180.1 (44 1/8) 44
step 273 (to tan),tan 10 in = dub 5 out,right 3 head 56 tail 117,T180.2 (79 5/8) 35.3
step 550 (to pen),pen 6 in = lid 3 in,right 2 head 90 tail 90,T180.3 ( 126 ) 46.2
step 688 (to lit),lit 7 in = dud 6 out,left 3 head 56 tail 120,T181.1 (34 1/2) 34.4
step 640 IN! (to die),die.3 out = hay.2 out,left 19 head 90 tail 90,T181.2 (74 1/4) 39.6
step 572 (to gym),gym 3 in = lid 4 in,right 0 head 90 tail 90,T181.3 ( 126 ) 51.6
step 653 (to sup),sup 2 in = lid 1 in,left 11 head 90 tail 90,T182.1 ( 54 ) 53.9
step 485 (to gut),gut 10 in = tip 5 out,right 4 head 55 tail 113,T182.2 (88 3/8) 34.1
step 615 IN! (to hoe),hoe.2 out = die.1 out,right 20 head 90 tail 90,T182.3 ( 126 ) 37.6
step 429 (to ago),ago 1 in = gut 2 in,left 2 head 75 tail 83,T183.1 (39 7/8) 39.8
step 312 IN! (to tot),tot.2 out = dot.1 out,right 1 head 79 tail 78,T183.2 (75 5/8) 35.6
step 480 (to gut),gut 4 in = pen 1 in,left 10 head 74 tail 69,T183.3 ( 126 ) 50.3
step 226 (to cry),cry 8 in = tie 4 out,left 4 head 55 tail 120,T184.1 ( 33 ) 32.9
step 36 (to tea),tea 5 in = ply 7 in,left 2 head 76 tail 67,T184.2 (79 3/8) 46.2
step 377 (to pie),pie 3 in = tee 1 in,left 17 head 72 tail 74,T184.3 ( 126 ) 46.6
step 6 (to cot),cot 5 in = gig 6 in,left 3 head 76 tail 71,T185.1 (39 7/8) 39.7
step 489 IN! (to tip),tip.3 out = mix.3 out,right 4 head 75 tail 71,T185.2 (79 7/8) 39.9
step 1 (CC triagle),cot 1 in = aby 2 in,right 0 head 90 tail 90,T185.3 ( 126 ) 46.1
step 442 IN! (to top),top.3 out = arc.3 out,right 2 head 90 tail 90,T186.1 (34 1/8) 34
step 634 IN! (to ten),ten.1 out = toe.2 out,left 13 head 90 tail 90,T186.2 (74 1/4) 39.9
step 675 (to gum),gum 1 in = lid 2 in,right 0 head 90 tail 90,T186.3 ( 126 ) 51.7
